기간	자치구	119구조활동실적	119구조활동실적	119구조활동실적	119구조활동실적	119구조활동실적	119구조활동실적	119구조활동실적	119구조활동실적	119구조활동실적	119구조활동실적	119구조활동실적	119구조활동실적	119구조활동실적	119구조활동실적	119구조활동실적	119구조활동실적	119구조활동실적	119구조활동실적	119구조활동실적	119구조활동실적	119구조활동실적
기간	자치구	출동건수	출동건수	출동건수	출동건수	출동건수	출동건수	구조인원	구조인원	구조인원	구조인원	구조인원	구조인원	구조인원	구조인원	구조인원	구조인원	구조인원	구조인원	구조인원	구조인원	구조인원
기간	자치구	계	처리	처리	처리	처리	미처리(자체처리허위등)	사상별	사상별	사상별	사상별	사고종별구조인원	사고종별구조인원	사고종별구조인원	사고종별구조인원	사고종별구조인원	사고종별구조인원	사고종별구조인원	사고종별구조인원	사고종별구조인원	사고종별구조인원	사고종별구조인원
기간	자치구	계	계	인명구조	안전조치	기타활동	미처리(자체처리허위등)	계	사망	부상	기타	계	화재	교통사고	수난사고	기계사고	건물사고	승강기사고	산악사고	갇힘사고	폭발사고	기타
2009	합계	68,657	52,483	10,173	25,013	17,297	16,174	15,163	391	3,619	11,153	15,163	882	1,757	432	164	72	3,969	1,064	4,103	10	2,710
2009	종로구	2,324	1,696	263	1,285	148	628	372	2	149	221	372	25	39	-	2	2	72	102	79	-	51
2009	중구	1,742	1,425	227	459	739	317	415	9	72	334	415	57	57	1	5	1	128	1	98	1	66
2009	용산구	2,478	2,140	421	1,454	265	338	585	14	168	403	585	58	99	54	10	-	64	-	152	-	148
2009	성동구	1,545	1,151	192	546	413	394	283	19	67	197	283	37	30	26	4	3	82	1	60	-	40
2009	광진구	2,160	1,777	401	826	550	383	571	18	104	449	571	37	57	57	11	-	124	38	178	-	69
2009	동대문구	2,981	2,260	242	1,071	947	721	311	9	76	226	311	22	44	1	12	-	82	4	97	-	49
2009	중랑구	2,854	2,309	292	1,205	812	545	441	8	87	346	441	44	72	2	2	1	83	37	142	-	58
2009	성북구	2,492	2,003	329	1,115	559	489	500	13	118	369	500	24	24	-	5	32	155	34	162	2	62
2009	강북구	1,721	1,294	289	434	571	427	469	20	143	306	469	12	68	1	-	1	107	80	121	-	79
2009	도봉구	1,774	1,409	469	447	493	365	709	13	236	460	709	32	56	-	2	-	133	192	184	-	110
2009	노원구	2,847	2,092	615	1,043	434	755	842	25	241	576	842	25	73	9	6	3	217	188	229	-	92
2009	은평구	3,410	2,710	623	890	1,197	700	786	11	158	617	786	12	42	-	3	2	95	101	212	4	315
2009	서대문구	2,657	2,105	376	1,330	399	552	607	12	109	486	607	23	80	-	9	-	145	18	164	-	168
2009	마포구	3,119	2,267	419	1,006	842	852	606	14	106	486	606	12	51	38	14	-	182	-	215	-	94
2009	양천구	2,370	1,826	399	451	976	544	573	5	121	447	573	7	60	1	6	-	223	4	198	-	74
2009	강서구	3,293	2,601	613	1,071	917	692	1,001	20	214	767	1,001	57	108	18	12	2	341	10	342	-	111
2009	구로구	2,292	1,748	422	1,080	246	544	889	11	98	780	889	32	39	-	5	5	336	3	248	1	220
2009	금천구	1,893	1,456	219	1,020	217	437	430	5	74	351	430	69	39	-	6	1	122	22	97	-	74
2009	영등포구	3,069	2,258	574	759	925	811	780	47	177	556	780	25	120	118	9	16	179	-	173	-	140
2009	동작구	2,338	1,924	274	1,237	413	414	500	11	107	382	500	95	54	18	7	-	132	7	113	-	74
2009	관악구	3,431	2,561	508	1,265	788	870	660	16	216	428	660	9	53	4	3	-	168	146	175	-	102
2009	서초구	3,949	2,845	592	1,893	360	1,104	957	24	358	575	957	77	244	18	7	1	257	44	89	-	220
2009	강남구	4,458	3,203	570	1,174	1,459	1,255	767	34	215	518	767	55	111	25	10	-	238	17	199	2	110
2009	송파구	4,324	2,936	450	1,319	1,167	1,388	590	16	124	450	590	23	97	37	6	1	140	12	168	-	106
2009	강동구	3,118	2,472	390	628	1,454	646	515	13	79	423	515	13	36	4	8	1	164	3	208	-	78
2009	기타	18	15	4	5	6	3	4	2	2	-	4	-	4	-	-	-	-	-	-	-	-
2010	합계	82,316	66,258	10,121	33,278	22,859	16,058	16,407	345	3,529	12,533	16,407	1,549	1,658	430	160	38	4,876	1,115	4,014	5	2,562
2010	종로구	2,934	2,214	314	1,573	327	720	600	5	140	455	600	32	34	-	4	-	257	110	109	-	54
2010	중구	2,132	1,785	197	853	735	347	425	2	160	263	425	33	118	-	10	-	140	1	74	-	49
2010	용산구	2,631	2,179	325	1,496	358	452	426	30	93	303	426	25	40	64	4	1	85	-	132	1	74
2010	성동구	2,067	1,588	188	772	628	479	315	20	59	236	315	73	26	24	5	-	87	-	65	1	34
2010	광진구	2,779	2,148	406	842	900	631	599	20	128	451	599	86	48	30	8	-	113	43	196	-	75
2010	동대문구	3,288	2,694	242	1,185	1,267	594	458	5	79	374	458	117	46	7	5	-	128	3	112	-	40
2010	중랑구	3,591	3,040	221	1,813	1,006	551	314	5	85	224	314	13	36	1	6	-	110	27	71	-	50
2010	성북구	2,900	2,353	328	845	1,180	547	627	6	119	502	627	130	40	-	9	2	152	37	172	-	85
2010	강북구	2,119	1,701	257	657	787	418	381	14	140	227	381	47	44	1	5	-	69	72	72	-	71
2010	도봉구	2,063	1,803	471	680	652	260	620	15	215	390	620	19	25	2	2	-	122	216	172	-	62
2010	노원구	3,774	3,415	858	1,811	746	359	1,240	18	324	898	1,240	56	83	1	4	6	330	192	333	-	235
2010	은평구	4,675	3,906	645	1,513	1,748	769	995	9	208	778	995	59	73	-	6	12	92	89	250	-	414
2010	서대문구	3,483	2,794	391	2,143	260	689	920	15	113	792	920	278	102	1	-	2	193	25	211	2	106
2010	마포구	3,866	2,921	430	1,515	976	945	623	27	112	484	623	45	95	41	4	2	130	3	196	-	107
2010	양천구	2,177	1,917	315	816	786	260	430	3	80	347	430	6	46	1	3	-	168	1	139	1	65
2010	강서구	3,398	2,735	604	1,156	975	663	1,579	17	245	1,317	1,579	169	179	19	15	-	768	10	296	-	123
2010	구로구	2,895	2,317	453	1,464	400	578	827	14	96	717	827	12	48	1	9	-	383	2	227	-	145
2010	금천구	2,484	1,938	204	1,305	429	546	399	3	79	317	399	26	89	-	6	2	130	14	76	-	56
2010	영등포구	3,487	2,643	607	916	1,120	844	1,011	39	180	792	1,011	122	102	130	3	1	305	-	189	-	159
2010	동작구	2,936	2,452	266	1,731	455	484	373	9	71	293	373	25	33	11	6	1	104	1	114	-	78
2010	관악구	4,286	3,456	590	1,666	1,200	830	750	9	194	547	750	22	24	-	11	1	196	194	210	-	92
2010	서초구	4,252	3,239	360	2,046	833	1,013	537	7	177	353	537	21	111	15	2	2	186	39	64	-	97
2010	강남구	4,943	3,753	526	1,187	2,040	1,190	763	14	205	544	763	70	86	20	13	4	296	21	182	-	71
2010	송파구	5,171	3,899	516	2,178	1,205	1,272	696	23	163	510	696	49	107	54	14	-	183	9	148	-	132
2010	강동구	3,953	3,349	406	1,108	1,835	604	498	16	63	419	498	14	23	7	6	2	149	5	204	-	88
2010	기타	32	19	1	7	11	13	1	-	1	-	1	-	-	-	-	-	-	1	-	-	-
2011	합계	97,263	80,348	11,134	43,459	25,755	16,915	19,465	305	3,564	15,596	19,465	1,773	1,598	530	176	992	6,815	1,110	3,573	18	2,880
2011	종로구	3,146	2,489	371	1,824	294	657	721	4	170	547	721	26	39	-	4	32	324	132	59	-	105
2011	중구	2,551	2,105	223	761	1,121	446	395	2	62	331	395	23	30	-	10	8	230	2	54	-	38
2011	용산구	3,336	2,689	331	1,799	559	647	542	16	79	447	542	92	47	54	6	13	162	-	111	-	57
2011	성동구	2,662	1,958	244	1,107	607	704	418	6	90	322	418	27	52	28	5	27	168	-	52	-	59
2011	광진구	3,472	2,756	393	1,494	869	716	626	23	120	483	626	57	46	54	10	46	170	32	157	4	50
2011	동대문구	3,959	3,231	280	1,949	1,002	728	604	5	77	522	604	36	70	2	4	19	264	1	131	-	77
2011	중랑구	4,630	4,040	365	2,706	969	590	554	8	111	435	554	51	40	1	5	38	166	36	129	-	88
2011	성북구	4,233	3,444	350	1,854	1,240	789	607	10	91	506	607	30	52	-	-	33	256	37	148	-	51
2011	강북구	2,652	2,232	279	1,257	696	420	409	6	167	236	409	54	14	-	11	26	99	77	75	4	49
2011	도봉구	2,439	2,202	472	1,167	563	237	703	29	276	398	703	39	80	3	8	22	165	173	130	-	83
2011	노원구	5,276	4,828	798	3,226	804	448	1,197	16	306	875	1,197	26	94	3	7	72	332	154	285	2	222
2011	은평구	4,578	3,607	565	1,602	1,440	971	980	5	155	820	980	27	32	1	10	34	208	112	179	-	377
2011	서대문구	3,471	3,004	408	2,019	577	467	701	8	126	567	701	35	119	6	2	81	184	24	134	-	116
2011	마포구	4,586	3,971	544	2,154	1,273	615	841	19	133	689	841	27	98	134	11	24	239	1	158	-	149
2011	양천구	2,890	2,558	394	1,118	1,046	332	573	4	92	477	573	74	41	1	4	65	179	1	136	-	72
2011	강서구	3,850	3,163	629	1,586	948	687	1,641	9	300	1,332	1,641	120	190	37	8	30	866	7	283	-	100
2011	구로구	3,188	2,581	458	1,256	867	607	881	1	85	795	881	42	53	1	3	44	374	4	180	-	180
2011	금천구	2,509	2,055	268	1,466	321	454	498	3	48	447	498	12	24	-	5	29	241	13	108	-	66
2011	영등포구	4,233	3,556	642	1,458	1,456	677	1,680	50	181	1,449	1,680	639	94	107	13	68	436	-	163	1	159
2011	동작구	3,574	3,003	515	1,804	684	571	882	19	127	736	882	80	67	17	7	72	264	7	105	4	259
2011	관악구	5,642	4,881	659	2,010	2,212	761	1,041	16	212	813	1,041	48	29	-	7	79	319	237	203	-	119
2011	서초구	5,028	3,757	424	2,439	894	1,271	649	13	198	438	649	37	97	18	8	42	183	32	103	-	129
2011	강남구	5,662	4,318	775	1,694	1,849	1,344	1,182	11	186	985	1,182	141	108	26	12	34	444	15	264	3	135
2011	송파구	5,346	4,307	430	2,482	1,395	1,039	667	12	94	561	667	14	52	29	9	38	317	10	124	-	74
2011	강동구	4,316	3,592	314	1,215	2,063	724	470	10	77	383	470	16	30	8	7	15	225	2	101	-	66
2011	기타	34	21	3	12	6	13	3	-	1	2	3	-	-	-	-	1	-	1	1	-	-
2012	합계	124,889	105,273	11,495	60,621	33,157	19,616	19,676	278	3,395	16,003	19,676	2,964	1,674	431	157	46	6,422	970	4,380	11	2,621
2012	종로구	4,042	3,438	343	2,542	553	604	605	5	137	463	605	46	53	-	14	-	263	85	85	-	59
2012	중구	3,210	2,787	319	1,149	1,319	423	554	4	76	474	554	18	25	4	7	3	224	-	115	-	158
2012	용산구	4,294	3,633	409	2,365	859	661	662	11	116	535	662	106	86	94	2	1	150	-	140	-	83
2012	성동구	3,086	2,569	225	1,508	836	517	382	9	83	290	382	79	49	16	7	-	137	1	63	-	30
2012	광진구	4,378	3,670	362	1,740	1,568	708	533	18	117	398	533	48	54	42	8	-	154	31	161	-	35
2012	동대문구	4,990	3,809	296	2,356	1,157	1,181	622	9	69	544	622	106	47	-	4	2	291	-	120	-	52
2012	중랑구	5,605	4,986	351	3,054	1,581	619	571	7	112	452	571	44	61	2	2	1	200	39	157	-	65
2012	성북구	6,676	5,371	448	3,706	1,217	1,305	758	3	199	556	758	77	37	-	4	-	271	25	204	-	140
2012	강북구	4,418	3,786	253	2,281	1,252	632	368	7	115	246	368	61	31	-	1	-	86	66	79	-	44
2012	도봉구	3,402	3,163	496	1,677	990	239	687	9	210	468	687	65	37	-	8	2	169	179	155	1	71
2012	노원구	5,996	5,462	884	3,545	1,033	534	1,319	11	256	1,052	1,319	40	77	-	5	-	364	147	400	1	285
2012	은평구	5,894	5,069	627	2,446	1,996	825	928	8	172	748	928	13	60	-	8	-	243	119	182	-	303
2012	서대문구	4,012	3,628	382	2,560	686	384	844	9	154	681	844	204	147	-	5	-	208	18	187	-	75
2012	마포구	5,569	5,011	605	2,889	1,517	558	885	18	180	687	885	12	130	52	4	8	296	-	271	4	108
2012	양천구	3,482	3,095	368	1,348	1,379	387	612	8	58	546	612	110	28	3	5	1	212	4	177	1	71
2012	강서구	4,790	4,023	751	2,370	902	767	1,277	18	299	960	1,277	39	211	33	9	3	504	9	333	-	136
2012	구로구	4,182	3,307	389	1,713	1,205	875	584	3	73	508	584	29	29	2	1	-	256	3	193	-	71
2012	금천구	3,434	2,831	240	2,010	581	603	334	2	94	238	334	5	39	-	5	12	111	19	96	-	47
2012	영등포구	5,833	5,027	640	3,313	1,074	806	1,571	40	162	1,369	1,571	556	98	110	6	-	482	-	177	-	142
2012	동작구	5,287	4,344	315	2,663	1,366	943	506	11	96	399	506	75	42	13	8	-	160	3	118	-	87
2012	관악구	7,251	6,147	684	2,495	2,968	1,104	985	12	159	814	985	56	30	-	4	-	320	156	296	1	122
2012	서초구	6,293	5,010	382	3,884	744	1,283	545	13	99	433	545	35	54	10	1	1	261	31	95	-	57
2012	강남구	7,429	5,799	880	2,559	2,360	1,630	1,331	14	163	1,154	1,331	198	117	16	9	12	479	10	270	1	219
2012	송파구	6,375	5,125	518	2,682	1,925	1,250	1,790	20	126	1,644	1,790	939	90	26	27	-	381	17	207	2	101
2012	강동구	4,907	4,140	319	1,744	2,077	767	411	9	64	338	411	3	34	8	3	-	200	6	99	-	58
2012	기타	54	43	9	22	12	11	12	-	6	6	12	-	8	-	-	-	-	2	-	-	2
2013	합계	128,792	111,819	12,791	71,129	27,899	16,973	22,334	324	3,238	18,772	22,334	3,207	2,157	678	201	65	6,297	1,200	4,813	38	3,678
2013	종로구	4,569	3,890	371	2,619	900	679	568	5	134	429	568	60	77	-	6	2	184	92	84	-	63
2013	중구	3,143	2,763	307	1,524	932	380	543	4	57	482	543	109	48	-	26	2	173	1	84	-	100
2013	용산구	4,068	3,506	378	2,615	513	562	524	14	113	397	524	23	99	85	8	-	122	1	118	-	68
2013	성동구	3,029	2,484	173	1,460	851	545	269	9	34	226	269	33	37	22	4	-	99	2	35	-	37
2013	광진구	4,134	3,579	382	1,921	1,276	555	568	18	98	452	568	74	45	50	4	-	122	45	140	-	88
2013	동대문구	5,413	4,304	361	2,877	1,066	1,109	479	6	58	415	479	5	49	1	9	2	186	4	144	2	77
2013	중랑구	5,182	4,386	327	2,833	1,226	796	565	5	107	453	565	83	61	2	6	-	190	36	112	-	75
2013	성북구	6,494	5,868	435	4,109	1,324	626	782	6	80	696	782	99	71	-	6	-	272	17	210	-	107
2013	강북구	4,997	4,531	283	2,807	1,441	466	413	4	113	296	413	48	28	-	5	-	114	84	90	-	44
2013	도봉구	4,135	3,873	578	2,583	712	262	779	12	202	565	779	-	32	1	15	-	234	238	187	-	72
2013	노원구	5,726	5,383	886	3,742	755	343	1,188	11	191	986	1,188	15	67	2	12	-	317	154	358	1	262
2013	은평구	5,190	4,742	679	2,372	1,691	448	1,249	16	94	1,139	1,249	56	43	-	9	1	335	117	286	-	402
2013	서대문구	4,014	3,802	364	2,440	998	212	543	3	93	447	543	50	103	-	6	-	156	18	111	-	99
2013	마포구	5,598	5,145	675	3,110	1,360	453	1,083	11	169	903	1,083	98	178	108	4	-	322	2	233	-	138
2013	양천구	3,511	3,095	421	2,044	630	416	812	8	100	704	812	220	52	1	7	-	272	2	178	2	78
2013	강서구	5,892	5,304	825	3,168	1,311	588	1,552	28	353	1,171	1,552	118	407	29	11	6	488	6	331	-	156
2013	구로구	5,144	4,137	453	2,829	855	1,007	709	11	72	626	709	66	72	-	3	-	253	1	217	-	97
2013	금천구	3,567	3,030	235	2,230	565	537	341	7	82	252	341	15	52	1	7	-	113	18	98	2	35
2013	영등포구	6,609	5,774	747	3,796	1,231	835	1,141	37	165	939	1,141	147	114	253	8	-	294	-	190	-	135
2013	동작구	4,816	4,212	690	2,752	770	604	1,842	35	102	1,705	1,842	87	73	12	9	43	318	1	380	-	919
2013	관악구	3,999	3,452	497	1,959	996	547	785	18	137	630	785	178	21	-	3	1	129	176	207	-	70
2013	서초구	6,316	5,046	501	3,633	912	1,270	793	8	136	649	793	34	99	25	5	-	335	49	173	-	73
2013	강남구	6,992	5,763	725	3,674	1,364	1,229	1,028	21	131	876	1,028	29	106	28	7	-	379	10	264	-	205
2013	송파구	6,376	5,138	566	2,807	1,765	1,238	2,196	11	187	1,998	2,196	1,245	161	27	7	6	360	9	226	31	124
2013	강동구	4,466	3,842	438	2,219	1,185	624	922	7	113	802	922	248	42	17	3	1	371	6	176	-	58
2013	기타	5,412	4,770	494	3,006	1,270	642	660	9	117	534	660	67	20	14	11	1	159	111	181	-	96
2014	합계	131,257	115,012	14,153	83,999	16,860	16,245	21,593	369	4,159	17,065	21,593	2,669	2,674	1,064	203	8	5,514	1,309	5,243	12	2,897
2014	종로구	5,046	4,307	376	3,173	758	739	522	3	159	360	522	20	49	-	15	-	161	128	84	-	65
2014	중구	2,936	2,495	315	1,649	531	441	681	17	80	584	681	255	56	-	9	-	183	1	114	1	62
2014	용산구	4,211	3,651	486	2,864	301	560	623	18	90	515	623	21	91	133	3	-	122	2	163	-	88
2014	성동구	3,757	3,194	319	2,190	685	563	1,027	13	590	424	1,027	35	686	55	10	-	83	-	72	-	86
2014	광진구	3,756	3,477	564	2,206	707	279	825	24	92	709	825	150	68	53	3	-	145	41	214	-	151
2014	동대문구	5,690	4,888	583	3,673	632	802	899	8	105	786	899	42	60	4	5	-	362	1	268	-	157
2014	중랑구	4,866	4,386	357	3,270	759	480	514	11	123	380	514	54	39	2	9	1	171	57	110	-	71
2014	성북구	6,372	5,776	375	4,523	878	596	568	7	45	516	568	104	17	-	2	-	155	22	174	-	94
2014	강북구	4,613	4,136	365	3,135	636	477	511	10	125	376	511	45	44	-	3	-	150	110	110	-	49
2014	도봉구	3,501	3,404	577	2,550	277	97	786	10	205	571	786	47	48	-	3	1	143	194	252	-	98
2014	노원구	6,437	6,061	821	4,760	480	376	1,268	7	210	1,051	1,268	11	81	-	14	-	497	146	342	-	177
2014	은평구	5,497	4,907	647	3,323	937	590	810	22	222	566	810	51	53	-	12	-	132	180	199	8	175
2014	서대문구	3,713	3,409	358	2,593	458	304	600	9	119	472	600	107	130	-	7	-	119	39	114	1	83
2014	마포구	5,654	5,224	763	3,743	718	430	1,003	18	129	856	1,003	34	107	157	14	-	297	2	261	-	131
2014	양천구	3,975	3,456	400	2,680	376	519	843	3	61	779	843	371	33	1	5	-	169	2	163	-	99
2014	강서구	6,196	5,538	852	3,997	689	658	1,306	35	282	989	1,306	136	227	35	9	-	362	8	395	-	134
2014	구로구	5,952	4,714	532	3,744	438	1,238	829	12	123	694	829	96	94	-	10	-	255	5	251	-	118
2014	금천구	4,123	3,320	225	2,763	332	803	343	4	104	235	343	10	75	-	4	-	100	27	90	1	36
2014	영등포구	6,986	6,193	1,034	4,564	595	793	1,489	47	288	1,154	1,489	216	108	448	12	2	324	-	225	1	153
2014	동작구	4,789	3,970	468	3,124	378	819	671	21	61	589	671	34	45	20	7	-	214	4	220	-	127
2014	관악구	3,538	3,101	509	2,185	407	437	668	15	125	528	668	29	35	-	7	-	159	127	210	-	101
2014	서초구	6,248	5,108	616	3,893	599	1,140	859	9	199	651	859	54	156	37	7	-	256	47	198	-	104
2014	강남구	8,350	7,397	959	4,832	1,606	953	1,295	6	115	1,174	1,295	131	130	44	4	1	352	23	360	-	250
2014	송파구	6,476	5,406	701	3,562	1,143	1,070	1,291	16	183	1,092	1,291	426	135	39	20	1	249	22	286	-	113
2014	강동구	4,268	3,698	449	2,220	1,029	570	706	13	134	559	706	126	69	34	4	2	203	6	177	-	85
2014	기타	4,307	3,796	502	2,783	511	511	656	11	190	455	656	64	38	2	5	-	151	115	191	-	90
2015	합계	127,481	109,767	14,761	87,900	7,106	17,714	19,912	350	3,105	16,457	19,912	920	1,797	899	186	105	5,674	1,204	2,147	5	6,975
2015	종로구	4,679	3,854	404	3,113	337	825	680	5	156	519	680	5	59	-	5	-	214	109	55	3	230
2015	중구	3,031	2,611	424	2,030	157	420	688	4	78	606	688	51	97	-	19	1	265	3	38	1	213
2015	용산구	3,979	3,624	576	2,944	104	355	765	20	74	671	765	53	94	110	1	3	187	3	30	-	284
2015	성동구	3,300	2,798	314	2,114	370	502	429	11	58	360	429	23	50	32	6	-	169	-	38	-	111
2015	광진구	3,782	3,348	620	2,286	442	434	850	22	90	738	850	55	74	75	5	-	200	49	63	-	329
2015	동대문구	5,215	4,330	437	3,630	263	885	546	12	75	459	546	23	54	2	3	1	203	1	88	-	171
2015	중랑구	4,561	3,938	373	3,255	310	623	466	4	76	386	466	23	30	-	1	-	177	26	46	-	163
2015	성북구	5,921	5,308	411	4,604	293	613	478	10	75	393	478	7	30	-	6	-	126	23	101	-	185
2015	강북구	4,512	4,022	326	3,396	300	490	440	8	98	334	440	24	40	-	7	-	95	86	60	-	128
2015	도봉구	3,636	3,331	681	2,466	184	305	908	9	199	700	908	34	29	-	8	1	236	221	89	-	290
2015	노원구	6,322	5,688	756	4,486	446	634	987	20	207	760	987	27	55	4	15	-	342	145	103	-	296
2015	은평구	5,416	4,547	709	3,549	289	869	840	25	195	620	840	7	46	-	10	1	193	186	81	-	316
2015	서대문구	3,672	3,232	414	2,597	221	440	495	5	98	392	495	23	66	-	7	2	140	35	101	1	120
2015	마포구	5,366	4,792	821	3,789	182	574	988	15	125	848	988	33	110	131	11	5	273	1	106	-	318
2015	양천구	3,957	3,273	521	2,540	212	684	715	7	59	649	715	48	43	-	2	-	275	1	111	-	235
2015	강서구	6,263	5,350	840	4,253	257	913	951	21	175	755	951	8	138	16	11	4	242	8	90	-	434
2015	구로구	5,360	4,432	532	3,764	136	928	717	11	67	639	717	20	34	1	10	-	285	4	143	-	220
2015	금천구	3,729	3,156	238	2,698	220	573	291	5	56	230	291	2	15	-	7	6	103	18	58	-	82
2015	영등포구	6,613	6,056	1,102	4,770	184	557	1,525	45	199	1,281	1,525	75	157	344	4	4	439	-	91	-	411
2015	동작구	4,412	3,781	402	3,258	121	631	632	6	118	508	632	17	31	21	9	65	195	3	110	-	181
2015	관악구	5,989	4,836	818	3,687	331	1,153	1,560	22	137	1,401	1,560	39	49	2	4	2	203	184	162	-	915
2015	서초구	7,485	6,264	662	5,369	233	1,221	815	11	145	659	815	27	123	41	4	-	230	64	102	-	224
2015	강남구	9,389	8,041	1,151	6,361	529	1,348	1,514	17	165	1,332	1,514	111	187	38	12	10	485	9	119	-	543
2015	송파구	6,174	5,068	644	3,927	497	1,106	796	22	154	620	796	42	114	54	10	-	191	9	68	-	308
2015	강동구	4,286	3,714	520	2,753	441	572	637	11	84	542	637	15	72	28	9	-	206	2	73	-	232
2015	기타	432	373	65	261	47	59	199	2	142	55	199	128	-	-	-	-	-	14	21	-	36
2016	합계	134,920	115,724	17,493	91,419	6,812	19,196	21,867	332	2,808	18,727	21,867	1,032	1,960	894	203	45	7,107	1,114	5,833	9	3,670
2016	종로구	4,690	3,944	515	3,161	268	746	994	3	174	817	994	18	52	-	8	6	287	131	135	1	356
2016	중구	3,015	2,623	392	2,111	120	392	521	8	57	456	521	10	48	-	16	-	200	-	149	-	98
2016	용산구	4,363	3,884	590	3,215	79	479	774	14	149	611	774	79	120	92	5	-	175	-	194	-	109
2016	성동구	3,209	2,722	524	1,829	369	487	855	11	103	741	855	60	309	69	8	1	182	-	144	2	80
2016	광진구	4,055	3,509	721	2,239	549	546	926	19	114	793	926	75	111	41	8	-	265	44	240	-	142
2016	동대문구	5,423	4,697	637	3,747	313	726	778	13	70	695	778	43	44	-	8	-	284	2	257	-	140
2016	중랑구	5,124	4,372	537	3,621	214	752	671	17	83	571	671	128	38	-	6	2	191	39	190	-	77
2016	성북구	6,106	5,504	560	4,718	226	602	622	7	79	536	622	29	44	-	6	-	189	22	191	-	141
2016	강북구	4,642	4,250	433	3,660	157	392	522	9	96	417	522	4	13	-	7	1	147	102	173	-	75
2016	도봉구	3,784	3,429	658	2,588	183	355	1,033	6	166	861	1,033	41	46	2	7	1	156	180	242	-	358
2016	노원구	6,510	5,966	1,098	4,651	217	544	1,583	19	161	1,403	1,583	33	104	11	7	1	557	123	514	-	233
2016	은평구	6,191	5,372	790	4,392	190	819	871	24	176	671	871	22	42	1	10	-	176	196	307	-	117
2016	서대문구	3,985	3,471	518	2,757	196	514	667	8	74	585	667	7	76	1	6	5	258	23	193	-	98
2016	마포구	5,686	5,099	1,008	3,860	231	587	1,033	23	110	900	1,033	24	119	122	5	-	311	1	290	1	160
2016	양천구	4,426	3,899	629	3,033	237	527	761	8	45	708	761	5	39	3	9	5	437	-	167	-	96
2016	강서구	6,717	5,877	906	4,780	191	840	1,063	22	81	960	1,063	63	126	47	7	7	430	4	268	-	111
2016	구로구	5,611	4,847	566	4,063	218	764	599	6	47	546	599	22	45	2	5	-	265	3	184	-	73
2016	금천구	3,721	3,099	311	2,537	251	622	371	5	62	304	371	7	35	-	4	-	154	17	107	1	46
2016	영등포구	6,951	6,451	1,239	4,882	330	500	1,495	22	209	1,264	1,495	66	104	329	9	6	511	-	290	-	180
2016	동작구	4,350	3,686	513	3,079	94	664	621	7	94	520	621	18	75	12	11	-	223	2	203	-	77
2016	관악구	6,690	5,413	900	4,290	223	1,277	1,336	21	161	1,154	1,336	101	39	-	4	1	354	173	342	-	322
2016	서초구	8,390	6,603	705	5,633	265	1,787	839	12	116	711	839	58	90	30	14	1	339	38	140	-	129
2016	강남구	10,447	8,286	1,257	6,424	605	2,161	1,207	11	166	1,030	1,207	70	92	40	20	3	401	9	350	-	222
2016	송파구	6,389	4,897	782	3,478	637	1,492	904	25	97	782	904	32	81	65	9	-	270	5	309	4	129
2016	강동구	4,444	3,824	704	2,671	449	620	821	12	118	691	821	17	68	27	4	5	345	-	254	-	101
2016	기타	1	-	-	-	-	1	-	-	-	-	-	-	-	-	-	-	-	-	-	-	-
2017	합계	163,055	143,028	18,950	118,046	6,032	20,027	23,373	318	2,881	20,174	23,373	1,183	1,996	827	255	26	8,464	973	5,734	1	3,914
2017	종로구	5,872	5,074	434	4,428	212	798	643	12	133	498	643	8	44	9	5	10	151	106	110	-	200
2017	중구	4,810	4,319	471	3,715	133	491	702	8	43	651	702	17	37	-	7	-	432	-	130	-	79
2017	용산구	5,240	4,685	702	3,747	236	555	845	19	92	734	845	29	60	125	1	-	357	-	163	-	110
2017	성동구	4,461	4,071	611	3,097	363	390	719	14	99	606	719	60	89	33	10	2	233	-	165	-	127
2017	광진구	4,857	4,382	844	3,045	493	475	1,021	15	114	892	1,021	68	113	59	3	3	294	34	282	-	165
2017	동대문구	6,557	5,720	654	4,826	240	837	811	12	82	717	811	31	80	-	5	-	365	4	222	-	104
2017	중랑구	6,189	5,220	569	4,421	230	969	692	18	104	570	692	108	45	2	5	-	234	29	178	-	91
2017	성북구	6,506	5,635	560	4,874	201	871	717	9	134	574	717	20	81	-	3	-	271	28	197	-	117
2017	강북구	4,964	4,493	478	3,803	212	471	541	6	99	436	541	17	25	-	5	1	199	56	148	-	90
2017	도봉구	4,931	4,580	833	3,538	209	351	1,123	10	199	914	1,124	46	59	3	-	2	212	201	234	-	367
2017	노원구	7,532	6,908	1,060	5,659	189	624	1,685	14	155	1,516	1,684	85	108	5	4	1	663	77	467	-	274
2017	은평구	7,406	6,575	799	5,592	184	831	846	12	137	697	846	16	50	-	2	-	276	128	267	-	107
2017	서대문구	5,317	4,608	620	3,775	213	709	630	6	70	554	630	35	62	1	2	-	244	21	158	-	107
2017	마포구	7,181	6,512	917	5,430	165	669	1,259	20	135	1,104	1,259	26	111	128	2	-	533	-	258	-	201
2017	양천구	5,589	5,068	494	4,460	114	521	869	4	40	825	869	100	39	2	-	-	439	-	200	-	89
2017	강서구	8,278	7,406	961	6,354	91	872	964	16	73	875	964	27	97	21	4	-	407	6	286	-	116
2017	구로구	6,060	5,435	724	4,539	172	625	900	10	81	809	901	62	57	1	7	1	389	3	256	-	125
2017	금천구	3,812	3,263	373	2,782	108	549	431	2	68	361	430	33	26	-	5	-	182	24	119	1	40
2017	영등포구	8,159	7,591	1,397	5,939	255	568	1,651	36	271	1,344	1,651	134	186	274	13	-	376	-	327	-	341
2017	동작구	4,931	4,359	486	3,704	169	572	591	21	90	480	591	39	90	28	7	-	158	3	178	-	88
2017	관악구	7,251	6,325	902	5,152	271	926	1,303	6	165	1,132	1,303	48	64	4	3	-	346	202	348	-	288
2017	서초구	8,659	7,192	873	6,008	311	1,467	892	16	98	778	892	48	85	30	5	-	398	33	167	-	126
2017	강남구	12,689	10,224	1,428	8,356	440	2,465	1,393	9	138	1,246	1,444	36	169	32	8	6	580	8	337	-	268
2017	송파구	9,479	7,697	927	6,241	529	1,782	1,177	12	158	1,007	1,177	77	161	44	146	-	369	8	236	-	136
2017	강동구	6,324	5,685	833	4,560	292	639	968	11	103	854	917	13	58	26	3	-	356	2	301	-	158
2017	기타	1	1	-	1	-	-	-	-	-	-	-	-	-	-	-	-	-	-	-	-	-
2018	합계	163,110	141,050	17,699	118,169	5,182	22,060	18,856	307	2,224	16,325	18,856	743	1,157	895	112	6	7,347	966	4,423	1	3,206
2018	종로구	6,111	5,364	439	4,721	204	747	514	5	96	413	514	26	28	-	4	-	181	77	84	-	114
2018	중구	5,226	4,705	466	4,107	132	521	688	7	65	616	688	38	24	-	11	-	351	2	147	-	115
2018	용산구	5,391	4,629	585	3,814	230	762	558	12	47	499	558	24	25	103	1	-	193	-	92	-	120
2018	성동구	4,804	4,319	516	3,567	236	485	604	12	98	494	604	12	56	29	7	-	253	-	151	-	96
2018	광진구	4,483	3,999	780	2,846	373	484	717	16	64	637	717	82	40	61	4	-	176	31	202	1	120
2018	동대문구	6,533	5,682	645	4,858	179	851	712	10	54	648	712	10	58	1	4	-	340	4	188	-	107
2018	중랑구	5,887	4,995	569	4,097	329	892	496	11	69	416	496	35	36	6	5	1	163	18	152	-	80
2018	성북구	6,118	5,210	399	4,688	123	908	413	6	60	347	413	6	34	1	3	-	162	27	118	-	62
2018	강북구	5,032	4,473	469	3,820	184	559	468	2	96	370	468	12	15	-	1	-	180	80	113	-	67
2018	도봉구	4,805	4,433	739	3,508	186	372	1,177	14	154	1,009	1,177	47	30	2	1	-	245	168	219	-	465
2018	노원구	6,916	6,237	765	5,374	98	679	1,054	15	110	929	1,054	40	82	11	3	-	464	93	235	-	126
2018	은평구	7,183	6,300	677	5,530	93	883	745	12	165	568	745	14	24	-	1	-	216	171	233	-	86
2018	서대문구	5,333	4,534	561	3,837	136	799	630	9	110	511	630	25	72	-	7	-	186	28	174	-	138
2018	마포구	7,200	6,452	935	5,352	165	748	820	11	60	749	820	12	48	142	2	-	297	-	184	-	135
2018	양천구	5,345	4,877	385	4,377	115	468	547	3	28	516	547	13	20	-	1	-	351	2	91	-	69
2018	강서구	8,469	7,679	889	6,705	85	790	845	24	100	721	845	25	72	19	3	-	364	3	243	-	116
2018	구로구	6,228	5,688	801	4,688	199	540	767	9	52	706	767	17	28	-	6	3	434	8	194	-	77
2018	금천구	4,065	3,585	440	3,045	100	480	409	2	64	343	409	33	23	-	11	-	180	24	100	-	38
2018	영등포구	8,735	8,049	1,568	6,246	235	686	1,654	43	201	1,410	1,654	72	102	364	8	-	511	-	292	-	305
2018	동작구	5,015	4,327	437	3,726	164	688	567	19	36	512	567	14	26	28	3	1	239	3	176	-	77
2018	관악구	7,792	6,568	902	5,469	197	1,224	988	10	142	836	988	40	43	1	5	1	313	188	272	-	125
2018	서초구	8,779	7,040	888	5,902	250	1,739	745	10	78	657	745	41	76	13	1	-	350	28	121	-	115
2018	강남구	12,065	9,069	1,154	7,659	256	2,996	1,035	11	85	939	1,035	42	53	28	6	-	467	4	268	-	167
2018	송파구	8,994	6,939	943	5,512	484	2,055	916	23	99	794	916	38	89	47	9	-	372	2	202	-	157
2018	강동구	6,595	5,893	746	4,719	428	702	786	11	91	684	786	25	53	39	5	-	359	5	171	-	129
2018	기타	6	4	1	2	1	2	1	-	-	1	1	-	-	-	-	-	-	-	1	-	-